**SABAJ, LEONARDO ISAAC** | administracion@sabajpropiedades.com.ar | phone: 1150321515 | address: Av. Directorio 1025 PB
**FIKS, CARLOS ISAAC** | administracion@fiksycia.com | phone: 1144485819 |
**BIRMAN, ALFREDO ISAAC** | birmanpropiedades@hotmail.com | phone: 1149213763 | address: Avda. La Plata 2419
**SAAVEDRA, NOEMI** | lakasafeliz@gmail.com | phone: 1145699044 |
**MOTTA, DOMINGO AALBERTO** | domingo.motta@gmail.com | phone: 1165193598 |
**WEISVEIN, ISAAC ESTEBAN** | weisvein@citec.com.ar | phone: 1148638532 | address: SARMIENTO 3601
**HOFFMAN, ROBERTO ISAAC** | inmobiliariagold@gmail.com | phone: 1146131112 | address: terrada30
**NAAB, ADRIANA** | adrynaab@hotmail.com | phone: 1164204323 |
**META, ISAAC DAMIAN GUSTAVO** | jaimemeta@gmail.com | phone: 46124662 | address: Cuenca 356 local local
**SIEBENHAAR, LADY MABEL** | info@propiedadesnativa.com | phone: 1149753481 | address: Aguirre 785 7º
